Workbook

Sheet SUMMARY
A1: FS5 VALIDATION
B2: WK1 | C2: WK2 | D2: WK3 | E2: WK4 | F2: WK5 | G2: WK6 | H2: WK7 | I2: WK8 | J2: WK9 | K2: WK10 | L2: WK11 | M2: WK12 | N2: WK13 | O2: QTD
A3: Validated | B3: ='WK1'!B21 -> 0 | C3: ='WK2'!B21 -> 1 | D3: ='WK3'!B21 -> 1 | E3: ='WK4'!B21 -> 1 | F3: ='WK5'!B21 -> 2 | G3: ='WK6'!B21 -> 2 | H3: ='WK7'!B21 -> 0 | I3: ='WK8'!B21 -> 0 | J3: ='WK9'!B21 -> 0 | K3: ='WK10'!B21 -> 0 | L3: ='WK11'!B21 -> 0 | M3: ='WK12'!B21 -> 0 | N3: ='WK13'!B21 -> 0 | O3: =SUM(B3:N3) -> 7 | P3: KDPM QTD | Q3: GOAL | R3: STATUS
A4: Failed | B4: ='WK1'!C21 -> 0 | C4: ='WK2'!C21 -> 0 | D4: ='WK3'!C21 -> 0 | E4: ='WK4'!C21 -> 0 | F4: ='WK5'!C21 -> 0 | G4: ='WK6'!C21 -> 0 | H4: ='WK7'!C21 -> 0 | I4: ='WK8'!C21 -> 0 | J4: ='WK9'!C21 -> 0 | K4: ='WK10'!C21 -> 0 | L4: ='WK11'!C21 -> 0 | M4: ='WK12'!C21 -> 0 | N4: ='WK13'!C21 -> 0 | O4: =SUM(B4:N4) -> 0
P5: =SUM(((O4/O3)*1000)) -> 0
A7: S/A's

Sheet WK1
B1: Tested | C1: Failed | D1: I.D. | E1: Ser No/Kit No | F1: Assy No | G1: Failure Description | H1: NCR # | I1: R.C. | J1: CAR #
A21: TOTAL | B21: =SUM(B2:B20) -> 0 | C21: =SUM(C5:C20) -> 0

Sheet WK2
B1: Tested | C1: Failed | D1: I.D. | E1: Ser No/Kit No | F1: Assy No | G1: Failure Description | H1: NCR # | I1: R.C. | J1: CAR #
B2: 1 | D2: IR | E2: A5421-1
A21: TOTAL | B21: =SUM(B2:B20) -> 1 | C21: =SUM(C2:C20) -> 0

Sheet WK3
B1: Tested | C1: Failed | D1: I.D. | E1: Ser No/Kit No | F1: Assy No | G1: Failure Description | H1: NCR # | I1: R.C. | J1: CAR #
B2: 1 | D2: IR | E2: A5446-1
A21: TOTAL | B21: =SUM(B2:B20) -> 1 | C21: =SUM(C2:C20) -> 0

Sheet WK4
B1: Tested | C1: Failed | D1: I.D. | E1: Ser No/Kit No | F1: Assy No | G1: Failure Description | H1: NCR # | I1: R.C. | J1: CAR #
B2: 1 | D2: IR | E2: A5310-1
A21: TOTAL | B21: =SUM(B2:B20) -> 1 | C21: =SUM(C2:C20) -> 0

Sheet WK5
B1: Tested | C1: Failed | D1: I.D. | E1: Ser No/Kit No | F1: Assy No | G1: Failure Description | H1: NCR # | I1: R.C. | J1: CAR #
B2: 1 | D2: MMc | E2: A5402-1
B3: 1 | D3: IR | E3: A5476-1
A21: TOTAL | B21: =SUM(B2:B20) -> 2 | C21: =SUM(C2:C20) -> 0

Sheet WK6
B1: Tested | C1: Failed | D1: I.D. | E1: Ser No/Kit No | F1: Assy No | G1: Failure Description | H1: NCR # | I1: R.C. | J1: CAR #
B2: 1 | D2: IR | E2: A5490-1
B3: 1 | D3: IR | E3: A5374-1
A21: TOTAL | B21: =SUM(B2:B20) -> 2 | C21: =SUM(C2:C20) -> 0

Sheet WK7
B1: Tested | C1: Failed | D1: I.D. | E1: Ser No/Kit No | F1: Assy No | G1: Failure Description | H1: NCR # | I1: R.C. | J1: CAR #
A21: TOTAL | B21: =SUM(B2:B20) -> 0 | C21: =SUM(C2:C20) -> 0

Sheet WK8
B1: Tested | C1: Failed | D1: I.D. | E1: Ser No/Kit No | F1: Assy No | G1: Failure Description | H1: NCR # | I1: R.C. | J1: CAR #
A21: TOTAL | B21: =SUM(B2:B20) -> 0 | C21: =SUM(C2:C20) -> 0

Sheet WK9
B1: Tested | C1: Failed | D1: I.D. | E1: Ser No/Kit No | F1: Assy No | G1: Failure Description | H1: NCR # | I1: R.C. | J1: CAR #
A21: TOTAL | B21: =SUM(B2:B20) -> 0 | C21: =SUM(C2:C20) -> 0

Sheet WK10
B1: Tested | C1: Failed | D1: I.D. | E1: Ser No/Kit No | F1: Assy No | G1: Failure Description | H1: NCR # | I1: CAR #
A21: TOTAL | B21: =SUM(B2:B20) -> 0 | C21: =SUM(C2:C20) -> 0

Sheet WK11
B1: Tested | C1: Failed | D1: I.D. | E1: Ser No/Kit No | F1: Assy No | G1: Failure Description | H1: NCR # | I1: R.C. | J1: CAR #
A21: TOTAL | B21: =SUM(B2:B20) -> 0 | C21: =SUM(C2:C20) -> 0

Sheet WK12
B1: Tested | C1: Failed | D1: I.D. | E1: Ser No/Kit No | F1: Assy No | G1: Failure Description | H1: NCR # | I1: CAR #
A21: TOTAL | B21: =SUM(B2:B20) -> 0 | C21: =SUM(C2:C20) -> 0

Sheet WK13
B1: Tested | C1: Failed | D1: I.D. | E1: Ser No/Kit No | F1: Assy No | G1: Failure Description | H1: NCR # | I1: CAR #
A21: TOTAL | B21: =SUM(B2:B20) -> 0 | C21: =SUM(C3:C20) -> 0
